tweet_user_screen_name,tweet_id,tweet_text,tweet_retweet_count,tweet_created,tweet_user_id,tweet_user_followers_count,tweet_user_friends_count,tweet_user_statuses_count,tweet_user_verified,tweet_user_location
syedkumail95,1.55E+18,"@ms_nonchalance Okay see on the one hand you’re right, on the other hand the takedown was for hate speech.
Where th… https://t.co/RDSB5SoM0r",0,44755.11804,1.34E+18,139,10,561,FALSE,"Florida, USA"
syedkumail95,1.55E+18,hearing a “girl fuck you” from mars on ft is so funny bc who is it at now,0,44755.11803,1.35E+18,633,917,47380,FALSE,"Florida, USA"
syedkumail95,1.55E+18,@_out_and_down_ @HenryTheETH i dont think he wants to fuck you,0,44755.11802,1.39E+18,3516,1011,21005,FALSE,"Florida, USA"
syedkumail95,1.55E+18,"RT @JermereCaprice: If a nigga really fuck with you he gone love different on his own, you ain’t gotta coach him??",2327,44755.11802,2984142867,3514,2589,16587,FALSE,"Florida, USA"
syedkumail95,1.55E+18,Holy fuck is this rlly what I’m sad about get OVER IT WHAT IS WRONG WITH YOU,0,44755.118,1.25E+18,25,71,2359,FALSE,"Florida, USA"
syedkumail95,1.55E+18,RT @SabineMarlowe: Please don’t have a different set of standards for your lover than you would your circle of friends. If they defend Ben…,1,44755.118,1.32E+18,16,237,7217,FALSE,"Florida, USA"
syedkumail95,1.55E+18,@BRATFVCK Wait you’re yuri fuck kmn,0,44755.11799,9.00E+17,587,573,15428,FALSE,"Florida, USA"
syedkumail95,1.55E+18,@FujiwaraMokou44 it's SO not that deep lol. Why does it bother you so much?  mrekk put 0 effort in that random ass… https://t.co/G5onoK4Gq5,0,44755.11799,1.40E+18,262,546,2281,FALSE,"Florida, USA"
syedkumail95,1.55E+18,"message to belittle anyone reading this that is struggling, but just stating facts. I know this is repetitive but i… https://t.co/ZRgR9GX25b",0,44755.11796,1.07E+18,231,365,7093,FALSE,"Florida, USA"
syedkumail95,1.55E+18,RT @jmarieezz: fuck this “delivered quietly” feature on imessage im gonna hit notify anyway because im tryna talk to you NOW,35,44755.11796,7.26E+17,412,872,15979,FALSE,"Florida, USA"
syedkumail95,1.55E+18,"Fuck you (Fuck you), fuck you very, very much  ??",0,44755.11795,70307525,611,118,14986,FALSE,"Florida, USA"
syedkumail95,1.55E+18,@ExplainWattson_ You pop up on my feed all the time so it already felt like I was following you but I finally just… https://t.co/J1xP4465xm,0,44755.11794,1.49E+18,2,32,50,FALSE,"Florida, USA"
syedkumail95,1.55E+18,"RT @JermereCaprice: If a nigga really fuck with you he gone love different on his own, you ain’t gotta coach him??",2327,44755.11794,1.55E+18,14,4,342,FALSE,"Florida, USA"
syedkumail95,1.55E+18,"RT @biggestjoel: conservatives truly out there like ""so the rights im depriving you aren't even women's rights?? where the fuck is this cou…",15,44755.11792,15014808,571,898,24850,FALSE,"Florida, USA"
syedkumail95,1.55E+18,ComicsGate can fuck off. Go outside and touch some grass you mouth breathers. https://t.co/kvVifhxEER,0,44755.11789,7.93E+17,63,1137,2731,FALSE,"Florida, USA"
syedkumail95,1.55E+18,"its gang warfare muthafuck ... 

gangs gangs gangs .. fuck that shit 

just take me out ...  i'm ready ... who want… https://t.co/b5pIzQ9O5k",0,44755.11787,1.50E+18,1,32,123,FALSE,"Florida, USA"
syedkumail95,1.55E+18,@awri125 @FiveWoke @Canoe_Hat @wfzv6nbfbv @jamesdifiore @CPC_HQ Fuck that. PP won’t play that game. Good for him. F… https://t.co/xPiixZEz3c,0,44755.11786,278684346,129,370,15154,FALSE,"Florida, USA"
syedkumail95,1.55E+18,FUCK YOU KLEE,0,44755.11785,1.31E+18,137,575,10282,FALSE,"Florida, USA"
syedkumail95,1.55E+18,wait just the “fuck you over part” y’all aren’t ignorant or dumb as shit akdjjs,0,44755.11785,1.00E+18,1523,261,3503,FALSE,"Florida, USA"
syedkumail95,1.55E+18,@Neilobrien663 @jenresisted @ElieNYC More like fuck badly educated inbred maga clowns like you.,0,44755.11785,1.50E+18,149,310,5606,FALSE,"Florida, USA"
syedkumail95,1.55E+18,“SEE YOU IN THE NEXT LIFE” THEN WHY IS YOUR STUPID BUM ASS FUCKING TEXTING ME AGAIN. TEXT YOUR FUCKING GIRLFRIEND. HOLY FUCK.,0,44755.11784,1.51E+18,239,547,13664,FALSE,"Florida, USA"
syedkumail95,1.55E+18,@fuck_pronouns nice attempt at sarcasm. it would be a lot easier to convince anyone that you don't care about opini… https://t.co/ZM61odt1BO,0,44755.11784,1.28E+18,4,91,166,FALSE,"Dallas, TX"
heart_attack207,1.55E+18,"RT @BSDquotes: Dazai: I guess you could say I’ve *fallen* for you [winks]

Chuuya: You literally just rolled down eight flights of stairs,…",8,44755.11784,1557693632,55,269,61900,FALSE,"Dallas, TX"
heart_attack207,1.55E+18,Bitch I’m attractive can’t fuck with you no more I’m fastin,0,44755.11784,1138154491,1045,1004,11242,FALSE,"Dallas, TX"
heart_attack207,1.55E+18,"RT @lindyli: A 2-year-old lost BOTH of his parents in the Highland Park massacre

A 10-year-old rape victim was denied an abortion in Repub…",17856,44755.11782,1.45E+18,8,246,725,FALSE,"Dallas, TX"
heart_attack207,1.55E+18,RT @Dvni3l_b_: if i send you “??” just know i meant fuck!,8,44755.1178,7.00E+17,136,139,24501,FALSE,"Dallas, TX"
heart_attack207,1.55E+18,"RT @BravesAshland: Braves win, fuck you",15,44755.11778,1.54E+18,16,50,112,FALSE,"Dallas, TX"
heart_attack207,1.55E+18,fuck people who give you something nice and then hold it over you,0,44755.11778,1.51E+18,20,60,212,FALSE,"Dallas, TX"
heart_attack207,1.55E+18,"I hate when people sit at my bar and ask, “Can I get a drink?”

What the fuck exactly do you think I’m doing here?",0,44755.11778,243447751,594,1422,8070,FALSE,"Dallas, TX"
heart_attack207,1.55E+18,@IrvGott_i @motherlids You see my fuck me eyes ?,0,44755.11778,2248015898,1136,643,12603,FALSE,"Dallas, TX"
heart_attack207,1.55E+18,"RT @WholeMarsBlog: Elon: Biden sucks! 

Republicans: HAHA! 

Democrats: Fuck you Elon 

Elon: Also Trump sucks 

Republicans: Fuck you Elon",44,44755.11777,7.72E+17,87,182,5482,FALSE,"Dallas, TX"
heart_attack207,1.55E+18,Fuck being humble I told you that. https://t.co/7ApkJiM82e,0,44755.11777,3309385108,463,195,25273,FALSE,"Dallas, TX"
heart_attack207,1.55E+18,"RT @biggestjoel: conservatives truly out there like ""so the rights im depriving you aren't even women's rights?? where the fuck is this cou…",15,44755.11775,9.28E+17,1282,1032,55174,FALSE,"Dallas, TX"
heart_attack207,1.55E+18,"@chessfan420 I mean run me over, fuck my brain short circuited since you reminded of when people think I'm cute and… https://t.co/X0VAhswFfT",0,44755.11775,1.23E+18,115,452,4597,FALSE,"Dallas, TX"
heart_attack207,1.55E+18,"Okay, fuck it. I lied.
It's drum and base. What you gonna do?",0,44755.11774,1.46E+18,32,17,20909,FALSE,"Dallas, TX"
heart_attack207,1.55E+18,TASHA WHAT THE FUCK DO YOU WANT BRO. You’re beginning to piss me off with all this flip flopping,0,44755.11773,1595903028,2209,419,5485,FALSE,"Dallas, TX"
heart_attack207,1.55E+18,"RT @jcacton35: Before you go to bed tonight 

fuck off!!!!",11,44755.1177,1.40E+18,16314,1489,28374,FALSE,"Dallas, TX"
heart_attack207,1.55E+18,"How the fuck you be vets and not want every man, woman, and child to be armed to the teeth so they can protect them… https://t.co/fQH2OvLtQn",0,44755.11769,1.52E+18,82,100,1475,FALSE,"Dallas, TX"
heart_attack207,1.55E+18,@derpathesherpa Henry get the fuck out. How did you put outer space into the fucking glass ??,0,44755.11766,8.29E+17,450,499,9882,FALSE,"Dallas, TX"
heart_attack207,1.55E+18,texting a nigga “why you don’t fuck with me no more” or anything in the area is so cringe,0,44755.11763,8.65E+17,432,474,4817,FALSE,"Dallas, TX"
heart_attack207,1.55E+18,RT @wiilsxxn: I enjoy my personal space these days like we cool but when it’s time to get the fuck away from me you should get the fuck awa…,6,44755.11763,2849865292,2287,1704,73661,FALSE,"Dallas, TX"
SwaziJwand,1.55E+18,"RT @zxsmithh: I lowkey respect men who don’t give up when the texts go green though. Send it in an email, DM, letter to my front door. what…",19,44755.11762,1.46E+18,142,62,3583,FALSE,"Atlanta, GA"
SwaziJwand,1.55E+18,RT @etoxico7: If she fuck with you after you hurt her don’t question her loyalty,1971,44755.11757,1.54E+18,26,128,153,FALSE,"Atlanta, GA"
SwaziJwand,1.55E+18,"@IGotthisope ""I'm glad you don't want to keep secrets opie. Secrets is what kills everything.  The only way to fuck… https://t.co/HExfwgGNdP",0,44755.11757,8.47E+17,618,1379,776,FALSE,"Atlanta, GA"
SwaziJwand,1.55E+18,"RT @deekaysgf: MINGYU REPLIED TO ME WHAT THR FUCK

SEE YOU DARLING!?!??? https://t.co/JEgvv50C4U",45,44755.11756,1.35E+18,582,861,11100,FALSE,"Atlanta, GA"
SwaziJwand,1.55E+18,@debbiiee0 That fucking fat juicy ass I’ll fuck you so damn hard god better be drinking tonight so I can make u squirt every where,0,44755.11756,1.51E+18,1,15,3,FALSE,"Atlanta, GA"
SwaziJwand,1.55E+18,@egovoost FUCK YEAH YOU ARE WIFE,0,44755.11755,1.55E+18,36,146,201,FALSE,"Atlanta, GA"
SwaziJwand,1.55E+18,RT @davidhogg111: I can’t believe people are literally being told to wait until after the election to act on gun control because now is “no…,560,44755.11751,2420455952,224,536,9128,FALSE,"Atlanta, GA"
SwaziJwand,1.55E+18,"All I hear is that moment in Magnolia when Julianne Moore says ""now you REALLY need to shut the fuck up."" https://t.co/ywC6eCEzkC",0,44755.1175,25639035,4237,2492,63643,FALSE,"Atlanta, GA"
SwaziJwand,1.55E+18,RT @SEEUINTHEFUZZY: Awsten be like “WHAT THE FUCK IS UP!!!” then sing the saddest song you’ve ever heard,128,44755.11748,935910037,1876,204,195086,FALSE,"Atlanta, GA"
SwaziJwand,1.55E+18,@Amanda22538569 Dam I'll fuck you hard,0,44755.11748,1.45E+18,71,459,197,FALSE,"Atlanta, GA"
SwaziJwand,1.55E+18,"@NHLRumorsDaily Dang NRD legit as fuck..
Shout out DJ Bean ultimate Bruins authority! 
You kids should do more spaces!",0,44755.11748,4836321909,1332,1610,42662,FALSE,"Atlanta, GA"
SwaziJwand,1.55E+18,@sethmptp The fuck do you program lil bro,0,44755.11748,9.54E+17,19,261,2032,FALSE,"Atlanta, GA"
SwaziJwand,1.55E+18,How you mad cause NIGGAS DONT fuck with your goofy ass ????????,0,44755.11748,319227068,1136,405,106334,FALSE,"Atlanta, GA"
SwaziJwand,1.55E+18,RT @HUNNABANDZ1K: you cheat one time a nigga wanna leave NOOOO be strong like how i was chin up chest out fuck nigga????????????????,26,44755.11747,8.72E+17,47,31,1894,FALSE,"Atlanta, GA"
SwaziJwand,1.55E+18,RT @scarletwnews: “[The Illuminati scene] exists because I love Wanda as a character so much. I just became thrilled by the idea of […havin…,189,44755.11747,1.03E+18,209,263,9111,FALSE,"Atlanta, GA"
SwaziJwand,1.55E+18,"Will Little, I hope you get laid off and don’t get compensated for it. Fuck you @MLBUA",0,44755.11745,7.13E+17,1771,2741,76272,FALSE,"Atlanta, GA"
SwaziJwand,1.55E+18,"when I text you “fuck off”, that means fuck hoe. lol",0,44755.11745,1328132677,390,305,20973,FALSE,"Atlanta, GA"
SwaziJwand,1.55E+18,"If you disown your children for being gay/trans, those kids deserved better. You were never a parent. I hope you en… https://t.co/645zK4e7TV",0,44755.11744,1.31E+18,205,365,4977,FALSE,"Atlanta, GA"
SwaziJwand,1.55E+18,"RT @DickBlunderbuss: “do you like the way you eat apples?”

“sure yeah”

“do u like the texture of sopping wet sand?”

“no absolutely not”…",13,44755.11744,576631003,79,134,4703,FALSE,"Atlanta, GA"
SwaziJwand,1.55E+18,No longer helping people. Nobody ask me for shit . I don’t got shit and I don’t know shit. Going back selfish asf.… https://t.co/A6r6bXcRYM,0,44755.11743,3654206592,460,367,3729,FALSE,"Atlanta, GA"
SwaziJwand,1.55E+18,"RT @ggutierrezcand1: ""who got you smiling like that"" the weed bruh i'm high as fuck",18254,44755.11743,8.34E+17,347,379,39871,FALSE,"Atlanta, GA"
SwaziJwand,1.55E+18,"RT @GreatCheshire: You know we, as a culture, are going through some troubling stuff when there’s a million songs about depression and brea…",191,44755.11742,1.02E+18,1002,635,25345,FALSE,"Atlanta, GA"
SwaziJwand,1.55E+18,RT @_acarad: people dont give a fuck what you going thru as long as you there for them thats all that matters??????,8,44755.11741,1.29E+18,112,298,501,FALSE,"Atlanta, GA"
SwaziJwand,1.55E+18,MOTHER FUCKIN JESSE EISENBERG JESUS CHRIST FUCK DUDE MOTHER FUCKIN FACEBOOK MOVIE BULLSHIT JESUS CAN YOU FUCKIN BELIEVE THIS SHIT,0,44755.11741,7.98E+17,30,0,33164,FALSE,"Atlanta, GA"
SwaziJwand,1.55E+18,"@golett YEAH THAT'S THE MOST BAFFLING THING. you'd think ""tsudaken wife guy"" would be a recipe for success but they… https://t.co/nIcWQ81iiD",0,44755.1174,1.28E+18,66,54,38354,FALSE,"Atlanta, GA"
SwaziJwand,1.55E+18,"RT @lindyli: A 2-year-old lost BOTH of his parents in the Highland Park massacre

A 10-year-old rape victim was denied an abortion in Repub…",17856,44755.1174,9.65E+17,3,51,102,FALSE,"Atlanta, GA"
SwaziJwand,1.55E+18,"RT @JermereCaprice: If a nigga really fuck with you he gone love different on his own, you ain’t gotta coach him??",2327,44755.1174,2712085078,2215,2349,86858,FALSE,"Atlanta, GA"
SwaziJwand,1.55E+18,@SunnySkelly THE FACT THAT CHILDREN LIKE THIS /ACTIVELY/ SEEK OUT NSFW SHIT IS RIDICULOUS. You cannot WILLINGLY put… https://t.co/QJrgz8zZo5,0,44755.11737,1.49E+18,139,318,5696,FALSE,"Atlanta, GA"
UsmanAs73776722,1.55E+18,RT @jefftimmer: Serious question for all my old GOP pals: What the fuck is wrong with you?,114,44755.11735,15150828,20633,6720,145356,FALSE,"San Diego, California"
UsmanAs73776722,1.55E+18,@celestewithgun you should be addicted to shutting the fuck up /j,0,44755.11735,1.34E+18,747,409,7289,FALSE,"San Diego, California"
UsmanAs73776722,1.55E+18,"its funny cuz ppl tell me shit like ""you dont even try to be ok""
i tried, trust me i did
its just i dont give a sin… https://t.co/HaS9tA0Nar",0,44755.11734,1.02E+18,109,374,8366,FALSE,"San Diego, California"
UsmanAs73776722,1.55E+18,"“Fuck, I might have to eat you out more often if it means you’ll suck my cock,” Katsuki chuckled as he ran his fing… https://t.co/tjburCm2wp",0,44755.11734,1.11E+18,4982,356,13520,FALSE,"San Diego, California"
UsmanAs73776722,1.55E+18,"I will say this
I want to say “fuck you” for everyone right now",0,44755.1173,2249694409,1428,1402,50405,FALSE,"San Diego, California"
UsmanAs73776722,1.55E+18,|| THAT DEPENDS ON HOW YOU BEHAVE KITTEN STOPPP ?? IMMA HSE THIS AS A MEME FUCK https://t.co/A0tCC4GQRN,0,44755.11729,8.48E+17,272,165,9067,FALSE,"San Diego, California"
UsmanAs73776722,1.55E+18,"RT @ggutierrezcand1: ""who got you smiling like that"" the weed bruh i'm high as fuck",18254,44755.11728,243927364,1575,671,99567,FALSE,"San Diego, California"
UsmanAs73776722,1.55E+18,@darealestt__ If I see you today tomorrow in 4 months I’m still going fuck you up ?? point blank you just better hop… https://t.co/fjoPgfzeZE,0,44755.11728,1.30E+18,295,188,3243,FALSE,"San Diego, California"
UsmanAs73776722,1.55E+18,You broke me and you didn’t gave a fuck at all??,0,44755.11725,1.54E+18,1,22,87,FALSE,"San Diego, California"
UsmanAs73776722,1.55E+18,why the fuck did so many of you reply to this https://t.co/CTobh1wFvu,0,44755.11725,1.51E+18,171,518,7962,FALSE,"San Diego, California"
UsmanAs73776722,1.55E+18,"@Sorrells4Larry @TheLeoTerrell Because Hunter is a king. ?? 

The second part sounds like a you problem (you are a sick fuck).",0,44755.11725,16370846,140,204,1882,FALSE,"San Diego, California"
UsmanAs73776722,1.55E+18,"RT @BelowBored: There's a Comedy Club coming to the metaverse in 2024...... Fuck that its already done!??

Someone who follows @BelowBored +…",407,44755.11725,1.33E+18,3062,4346,7648,FALSE,"San Diego, California"
UsmanAs73776722,1.55E+18,@CharizardTweet If you know what team did Alexai alt for in LUTI I’m curious incase I’ve heard the name but this sh… https://t.co/jxDoNZehsT,0,44755.11723,1.16E+18,241,517,2778,FALSE,"San Diego, California"
UsmanAs73776722,1.55E+18,RT @dabiggbaee: I don’t think there should be a timeframe on telling people you love them. Not even just romantic love. You could really ju…,458,44755.11722,8.23E+17,13,48,29883,FALSE,"San Diego, California"
UsmanAs73776722,1.55E+18,"There’s three types of people in this world, the friend who let you copy his work, the friend who copied the work,… https://t.co/dQDfSPe05R",0,44755.11722,1.52E+18,2708,2141,2230,FALSE,"San Diego, California"
UsmanAs73776722,1.55E+18,"My mother is so fucking ridiculous; I don't care for being nagged an lectured on a good day, why the fuck would you… https://t.co/jtKTZCI9vd",0,44755.11721,1.39E+18,123,222,4230,FALSE,"San Diego, California"
UsmanAs73776722,1.55E+18,showing mum that someone i’ve known since primary school got engaged and she hits out with “you better get a move o… https://t.co/oBSUykMDRU,0,44755.11719,205844066,748,695,36982,FALSE,"San Diego, California"
UsmanAs73776722,1.55E+18,"RT @WalshFreedom: Hey Democrats, I come from the MAGA base. I still engage with that base every day. Most tell me to fuck off, most believe…",1457,44755.11719,1.33E+18,1637,4853,42080,FALSE,"San Diego, California"
UsmanAs73776722,1.55E+18,@shub_a_dub_dub @ImFlicksco Why the fuck would you tweet this,0,44755.11718,1.27E+18,707,886,13952,FALSE,"San Diego, California"
UsmanAs73776722,1.55E+18,"Do you think you could keep from moaning so loud Eijiro wouldn’t hear you?”

Izuku felt his cheeks burn as he looke… https://t.co/1zBmEZjU4O",0,44755.11716,1.11E+18,4982,356,13520,FALSE,"San Diego, California"
UsmanAs73776722,1.55E+18,"RT @biggestjoel: conservatives truly out there like ""so the rights im depriving you aren't even women's rights?? where the fuck is this cou…",15,44755.11715,8.92E+17,19591,1413,88032,FALSE,"San Diego, California"
UsmanAs73776722,1.55E+18,"and then daddy’s hands are on him, squeezing his asscheeks and spanking his butt. he can feel his flesh jiggling. d… https://t.co/M8ZXGMRzMx",0,44755.11714,7.65E+17,535,156,16818,FALSE,"San Diego, California"
UsmanAs73776722,1.55E+18,"I just feeeeeeel like, live your life how tf you wanna live it and fuck how anybody feel about it! ??",0,44755.11712,1566955934,3112,956,49308,FALSE,"San Diego, California"
UsmanAs73776722,1.55E+18,"RT @ShinjiTheCuban: Conservatives be like ""why do people hate us?"" Bro you want minorities dead and you hate fun, why the fuck else?",10,44755.11709,1.39E+18,235,4997,4733,FALSE,"San Diego, California"
hello_worldss,1.55E+18,"@DrunkMonkeysWeb What the fuck. There are two ways to respond to rejection:
1. Not at all
2. A thank you for your consideration.",0,44755.11709,38124336,977,2311,11571,FALSE,"Sunrise, FL"
hello_worldss,1.55E+18,"@Panda_plays321 So remind her of that and ask her kindly to fuck off. 
Ok I know that's a MILLION times easier said… https://t.co/z0ss6EdBlT",0,44755.11708,1.29E+18,150,166,1258,FALSE,"Sunrise, FL"
hello_worldss,1.55E+18,RT @jefftimmer: Serious question for all my old GOP pals: What the fuck is wrong with you?,114,44755.11708,136319822,114,1272,5146,FALSE,"Sunrise, FL"
hello_worldss,1.55E+18,You gotta fuck up few times before you get it right .. that’s rl life,0,44755.11708,202434289,533,521,32061,FALSE,"Sunrise, FL"
hello_worldss,1.55E+18,"me: please can i have one fucking xayah to make tihs build work
tft: fuck you. heres exactly 6 hecarims and two champion duplicators",0,44755.11707,1.17E+18,156,915,31299,FALSE,"Sunrise, FL"
hello_worldss,1.55E+18,You have so many ways you could fuck up their relationship that if you don’t choose one of these paths I’ll actuall… https://t.co/PmdVXNvxiT,0,44755.11705,1.37E+18,544,774,35023,FALSE,"Sunrise, FL"
hello_worldss,1.55E+18,RT @DanAmrich: You wouldn't have to chant #DoNotComply if you had worn a mask/gotten vaxxed in the first place. You made public health poli…,2,44755.11705,237438869,350,695,40244,FALSE,"Sunrise, FL"
hello_worldss,1.55E+18,"RT @DickBlunderbuss: “do you like the way you eat apples?”

“sure yeah”

“do u like the texture of sopping wet sand?”

“no absolutely not”…",13,44755.11705,40998625,288,521,20582,FALSE,"Sunrise, FL"
hello_worldss,1.55E+18,"If I text you ?? ?? I’m basically saying that if he tells you anything fucking different he’s a liar and a fucking snake, fuck you",0,44755.11704,481778014,469,277,21152,FALSE,"Sunrise, FL"
hello_worldss,1.55E+18,"RT @Konstant_FLUX: 'AY STAY RAD' is a reminder. 
Why? because growing up doesn't mean stopping what you love to be a parent, to start adult…",1,44755.11703,1.38E+18,1882,3465,25930,FALSE,"Sunrise, FL"
hello_worldss,1.55E+18,"@RichardHeartWin Hex, the easy money you can't fuck with ! @GoingParabolic",0,44755.11703,4011172154,410,3198,4651,FALSE,"Sunrise, FL"
hello_worldss,1.55E+18,"@katzchein (Geez.) 
Oh well-- whatever. 

(She does KNOW that Minjun Oppa (fuck you) hangs out with celebrities...s… https://t.co/A9R2wHb8uq",0,44755.11703,1422395588,347,204,32304,FALSE,"Sunrise, FL"
hello_worldss,1.55E+18,"RT @xwing1698: ""This is trust. It means you trust me with all your heart. And I shall trust you with mine. Take it. I am now, and for all t…",17,44755.117,1.01E+18,60,157,1112,FALSE,"Sunrise, FL"
hello_worldss,1.55E+18,@RHFNX Oh Jesus.. have you blocked them or talked to them to leave you the fuck alone?,0,44755.117,1.21E+18,243,162,6538,FALSE,"Sunrise, FL"
hello_worldss,1.55E+18,@DatBoaCertified Lmaooooo random asf … you from the city now fuck it ??,0,44755.11699,424954142,1491,1134,24790,FALSE,"Sunrise, FL"
hello_worldss,1.55E+18,Ima worry about me give a fuck about you.,0,44755.11699,1.25E+18,113,40,4604,FALSE,"Sunrise, FL"
hello_worldss,1.55E+18,"RT @saydiirah__: I can fuck you &amp; walk pass you , no love lost I’ll speak when I wanna fuck again ??????????????????????",718,44755.11698,237541835,2401,1304,155759,FALSE,"Sunrise, FL"
hello_worldss,1.55E+18,"@ximesmoony omg yay :,) i literally cried a happy tear fuck you if only it was real",0,44755.11698,1.13E+18,21,96,1010,FALSE,"Sunrise, FL"
hello_worldss,1.55E+18,"RT @davepperlmutter: “Well, whoever he was, he put the photo on #twitter
“What the fuck?”
“With its own #hashtag, can you believe that?”
“I…",5,44755.11698,1.52E+18,387,582,1765,FALSE,"Sunrise, FL"
hello_worldss,1.55E+18,new journey in life im so ready. fuck all of you who doubted me. ik theres men and women who claim theyre on my sid… https://t.co/MS6qVluUNy,0,44755.11698,1.21E+18,32,56,3884,FALSE,"Sunrise, FL"
hello_worldss,1.55E+18,@basement_ls Who cares? After the election everyone will still be fighting about Trump v DeSantis v Youngkin. Besid… https://t.co/PyNx6Xvv2S,0,44755.11697,1.45E+18,608,1337,8416,FALSE,"Sunrise, FL"
hello_worldss,1.55E+18,“healthy ways to take out your anger” no twitter exist for a reason fuck you,0,44755.11697,1.45E+18,14,63,23,FALSE,"Sunrise, FL"
hello_worldss,1.55E+18,@jiggyjayy2 So you can easily be identified and discriminated against. Who gives a fuck if you’re a nigga or a nati… https://t.co/HTsM206Ufh,0,44755.11697,8.47E+17,141,340,4922,FALSE,"Sunrise, FL"
hello_worldss,1.55E+18,"@BakaKingTweets Ah fuck, you right, Leme get outta my own head, precaite that foo??????",0,44755.11694,1.30E+18,464,223,7148,FALSE,"Sunrise, FL"
hello_worldss,1.55E+18,Has anyone recently had experiences with @amazon where you order something like a shirt or a phone case and the com… https://t.co/Ox34mXfrrD,0,44755.11693,1.34E+18,4043,56,860,FALSE,"Sunrise, FL"
hello_worldss,1.55E+18,"@TheCeoMethod @ZeekArkham I know for a fact, that he DON'T GIVE 1 FUCK ABOUT YOU ??",0,44755.11693,1.30E+18,130,5,6303,FALSE,"Sunrise, FL"
hello_worldss,1.55E+18,"RT @JermereCaprice: If a nigga really fuck with you he gone love different on his own, you ain’t gotta coach him??",2327,44755.11692,1.36E+18,89,75,3330,FALSE,"Sunrise, FL"
hello_worldss,1.55E+18,"Aww fuck if we all poor,
Even if you got money..still lookin for more",0,44755.1169,1963144818,1221,918,28348,FALSE,"Sunrise, FL"
hello_worldss,1.55E+18,RT @forlhaechan: WTF did you write @rollingstonekor Special article about Haechan but only about him in ONE SENTENCE ??? And insert someone…,2,44755.1169,1.29E+18,924,1770,29266,FALSE,"Sunrise, FL"
hello_worldss,1.55E+18,BIGGEST TROLL EVER GENSHIN IMPACT SINCERELY FUCK YOU,0,44755.11689,1.53E+18,404,385,3717,FALSE,"Sunrise, FL"
HASSAM38068007,1.55E+18,ya co workers is right there too you sick fucking fuck . i gotta go smokee on the note cuh,0,44755.11688,28506632,2094,2176,167467,FALSE,"Dana Point, CA"
HASSAM38068007,1.55E+18,"?
? ?i  say  this  as  kindly  as  possible  .  fuck  you
? https://t.co/ev04oiVn4z",0,44755.11686,1.43E+18,567,483,192,FALSE,"Dana Point, CA"
HASSAM38068007,1.55E+18,"RT @GreatCheshire: You know we, as a culture, are going through some troubling stuff when there’s a million songs about depression and brea…",191,44755.11684,244894276,304,289,24220,FALSE,"Dana Point, CA"
HASSAM38068007,1.55E+18,FUCK yuto my man you're so real https://t.co/TmA0SWcyRj,0,44755.11683,1.54E+18,90,87,229,FALSE,"Dana Point, CA"
HASSAM38068007,1.55E+18,@Doneycatjr Fuck you!!!!!!!!!!!!!!!!!!????????????????????????????????,0,44755.11681,1.49E+18,41,323,1494,FALSE,"Dana Point, CA"
HASSAM38068007,1.55E+18,"RT @erikaishii: CW: Nazis &amp; Anti-abortion.

I used to go to this Planned Parenthood to get my birth control &amp; pelvic exams back when I was…",102,44755.11681,4701936082,339,597,20956,FALSE,"Dana Point, CA"
HASSAM38068007,1.55E+18,RT @TheRealTrauma: @Murkemz @UFOFev Always gonna fuck with you heavy. Legend in the making. Keep making waves bro. ??,1,44755.11678,54341400,17544,18483,137341,FALSE,"Dana Point, CA"
HASSAM38068007,1.55E+18,"@zxmnswko @beefhoagie Fuck me, you ARE a Kevin Nguyen.",0,44755.11677,1.06E+18,467,396,13960,FALSE,"Dana Point, CA"
HASSAM38068007,1.55E+18,I am also such a good friend I am an underrated friend. I be there for you even when u fuck me over a bunch of times. I'm also so exhausted,0,44755.11677,1.52E+18,6,4,33,FALSE,"Dana Point, CA"
HASSAM38068007,1.55E+18,"@WorldwideLakers Fuck yeah!!! A guy you hate to play against, but someone you'd love as your teammate to hype you and the fans up!!!",0,44755.11677,1.48E+18,235,368,2391,FALSE,"Dana Point, CA"
HASSAM38068007,1.55E+18,I can body tf outta sis part in “we cry together” YOU HEARD ME NIGGA ITS NOTHING ?? FUCK YOU NIGGA .,0,44755.11676,1.46E+18,109,86,2644,FALSE,"Dana Point, CA"
HASSAM38068007,1.55E+18,"RT @olex_scherba: I don’t speak much Italian, but “Fuck Putin” sounds the same in all languages.
Thank you, Maneskin!

#FuckPutin #StandWit…",583,44755.11676,1.51E+18,4,66,196,FALSE,"Dana Point, CA"
HASSAM38068007,1.55E+18,"RT @tmoneyy_eth: Man I fucking LOVE @SrPetersETH 

Dude hopped in spaces, dropped news that @ApeHaterClub?? will be here in TWO-THREE DAYS a…",43,44755.11671,1.46E+18,224,219,1208,FALSE,"Dana Point, CA"
HASSAM38068007,1.55E+18,Good thing I don't give a fuck what you think https://t.co/Y5KuKQWuTI,0,44755.1167,949929108,2779,954,138077,FALSE,"Dana Point, CA"
HASSAM38068007,1.55E+18,If you ain’t tryna make this shit bigger fuck you round us for ??,0,44755.11669,1.47E+18,117,158,879,FALSE,"Dana Point, CA"
HASSAM38068007,1.55E+18,i’m hearing this theory more and more recently online and in person. y’all of so fucking irritating. why are you ci… https://t.co/76OjjeSEBT,0,44755.11669,1.20E+18,338,493,13851,FALSE,"Dana Point, CA"
HASSAM38068007,1.55E+18,"RT @erikaishii: CW: Nazis &amp; Anti-abortion.

I used to go to this Planned Parenthood to get my birth control &amp; pelvic exams back when I was…",102,44755.11668,2986084392,209,422,152382,FALSE,"Dana Point, CA"
HASSAM38068007,1.55E+18,FUCK YOU TWITTER ????,0,44755.11668,7.91E+17,1111,1494,88607,FALSE,"Dana Point, CA"
HASSAM38068007,1.55E+18,"@Armand27 @Yankees @GerritCole45 And who gives a fuck about last season rn. Im talking about this season, you take… https://t.co/324Bt90ZTU",0,44755.11664,1.36E+18,23,14,584,FALSE,"Dana Point, CA"
HASSAM38068007,1.55E+18,@1hsmj Fuck yessszz that’s my shit. Wtf you smilin for? And what they put you on the panel for?! Where you getting… https://t.co/rUpGuwzyB0,0,44755.11662,1.32E+18,768,888,6864,FALSE,"Dana Point, CA"
HASSAM38068007,1.55E+18,At least mention their names in your statement @ygent_official fuck you,0,44755.11662,213145462,862,723,141393,FALSE,"Dana Point, CA"
HASSAM38068007,1.55E+18,"RT @annbasaa: Fuck you, Paul Desiderio.",38,44755.11662,481282565,269,470,16098,FALSE,"Dana Point, CA"
HASSAM38068007,1.55E+18,lol if u give me the cold shoulder wtf makes u think it’s not fuck you?,0,44755.11661,9.15E+17,635,704,16377,FALSE,"Dana Point, CA"
HASSAM38068007,1.55E+18,"RT @biggestjoel: conservatives truly out there like ""so the rights im depriving you aren't even women's rights?? where the fuck is this cou…",15,44755.11661,1.44E+18,37,267,6064,FALSE,"Dana Point, CA"
HASSAM38068007,1.55E+18,"RT @JermereCaprice: If a nigga really fuck with you he gone love different on his own, you ain’t gotta coach him??",2327,44755.11661,1.08E+18,233,326,8335,FALSE,"Dana Point, CA"
HASSAM38068007,1.55E+18,RT @Frankie_FT3: I hate when I find shit out … I can’t even pretend like I fuck with you the same,8068,44755.11661,1.28E+18,90,1702,150,FALSE,"Dana Point, CA"
HASSAM38068007,1.55E+18,"RT @BSDquotes: Dazai: I guess you could say I’ve *fallen* for you [winks]

Chuuya: You literally just rolled down eight flights of stairs,…",8,44755.1166,1.45E+18,99,377,6957,FALSE,"Dana Point, CA"
HASSAM38068007,1.55E+18,"RT @JermereCaprice: If a nigga really fuck with you he gone love different on his own, you ain’t gotta coach him??",2327,44755.11659,1.42E+18,13,12,104,FALSE,"Dana Point, CA"
HASSAM38068007,1.55E+18,RT @butchanarchy: Honestly why the fuck are so many of y’all so goddamn offended when someone is a picky eater/has food sensitivities? Why…,521,44755.11659,128073093,193,336,18023,FALSE,"Dana Point, CA"
HASSAM38068007,1.55E+18,Definitely look for trigger warnings online before watching though. There are some heavy plot points (some that fee… https://t.co/RHApMevjK5,0,44755.11657,3115803458,11757,1005,6700,FALSE,"Dana Point, CA"
HASSAM38068007,1.55E+18,"RT @patriottakes: In 2012, Kari Lake posted a tweet saying @RealSheriffJoe is a “redneck sheriff… obsess[ed] about illegal immigration,” an…",63,44755.11656,8.30E+17,604,1693,21486,FALSE,"Dana Point, CA"
HASSAM38068007,1.55E+18,I fuck myself with your cold fingers as you dance on my quivering flab,0,44755.11656,25727475,18,0,50031,FALSE,"Dana Point, CA"
HASSAM38068007,1.55E+18,ace rights fuck you,0,44755.11653,1.43E+18,466,3,27926,FALSE,"Dana Point, CA"
call_me_ikra,1.55E+18,"?
THE  FUCK  DO  YOU  MEAN  ‘  HOW  ’   ? https://t.co/XfrJTsKb2Y",0,44755.11653,1.37E+18,2401,1518,16370,FALSE,"Maryland, USA"
call_me_ikra,1.55E+18,@ImCephei_ @rPrequelMemes Lmao you're too easy to fuck with bro.,0,44755.11653,424115649,4535,3017,42296,FALSE,"Maryland, USA"
call_me_ikra,1.55E+18,"RT @ggutierrezcand1: ""who got you smiling like that"" the weed bruh i'm high as fuck",18254,44755.11649,1.07E+18,169,162,13574,FALSE,"Maryland, USA"
call_me_ikra,1.55E+18,reyn you fuck up why the fuck did u do that,0,44755.11648,1.16E+18,1714,892,70773,FALSE,"Maryland, USA"
call_me_ikra,1.55E+18,@MixedNomura Fuck yeah you did https://t.co/53SoqmciOh,0,44755.11648,9.86E+17,1381,3163,45682,FALSE,"Maryland, USA"
call_me_ikra,1.55E+18,@Ioosechange FUCK vmp first and foremost bc it's basically a scalping license ?? ain't no way you like the monthly r… https://t.co/zNiVsVBCPM,0,44755.11648,458012346,916,818,56335,FALSE,"Maryland, USA"
call_me_ikra,1.55E+18,Fuck you @Cardinals https://t.co/KLUTHGFsmP,0,44755.11647,1.54E+18,34,516,582,FALSE,"Maryland, USA"
call_me_ikra,1.55E+18,@omumeka @Reccaso @heather1917 @RashidaTlaib @nytimes You can make that judgement your own damn self cause I never… https://t.co/9rNTWoSRGN,0,44755.11647,4181760380,472,929,27052,FALSE,"Maryland, USA"
call_me_ikra,1.55E+18,i should of never even fuck with you,0,44755.11646,1.49E+18,8,14,31,FALSE,"Maryland, USA"
call_me_ikra,1.55E+18,"@eatawholebag This is why I fuck with you. You’re a disgusting hater, but at least u admit it. https://t.co/wRFzYyb9BO",0,44755.11644,1.20E+18,336,427,14818,FALSE,"Maryland, USA"
call_me_ikra,1.55E+18,"shut? shut the fuck up? stop talking. get off me. stop acting like we're still on good terms, you freak.",0,44755.11644,1.42E+18,31,5,16665,FALSE,"Maryland, USA"
call_me_ikra,1.55E+18,@Yamperdude64 Why the fuck did you put this ON MY FUCKING TIMELINE ????,0,44755.11644,1.26E+18,164,2357,2734,FALSE,"Maryland, USA"
call_me_ikra,1.55E+18,"#DreaNothing
You know what??
Fuck you that's what!!",0,44755.11644,1.30E+18,0,44,31,FALSE,"Maryland, USA"
call_me_ikra,1.55E+18,"RT @DickBlunderbuss: “do you like the way you eat apples?”

“sure yeah”

“do u like the texture of sopping wet sand?”

“no absolutely not”…",13,44755.11641,46369255,1742,1159,33572,FALSE,"Maryland, USA"
call_me_ikra,1.55E+18,"RT @JermereCaprice: If a nigga really fuck with you he gone love different on his own, you ain’t gotta coach him??",2327,44755.11641,1140959718,1464,935,38113,FALSE,"Maryland, USA"
call_me_ikra,1.55E+18,@AdamKinzinger @elonmusk So you have a person disguise their voice from Twitter???? WHAT THE FUCK.,0,44755.1164,1.27E+18,55,254,7514,FALSE,"Maryland, USA"
call_me_ikra,1.55E+18,"RT @erikaishii: CW: Nazis &amp; Anti-abortion.

I used to go to this Planned Parenthood to get my birth control &amp; pelvic exams back when I was…",102,44755.1164,3092480522,215,480,19737,FALSE,"Maryland, USA"
call_me_ikra,1.55E+18,RT @davidhogg111: I can’t believe people are literally being told to wait until after the election to act on gun control because now is “no…,560,44755.1164,177786636,1620,3823,158935,FALSE,"Maryland, USA"
call_me_ikra,1.55E+18,"RT @saydiirah__: I can fuck you &amp; walk pass you , no love lost I’ll speak when I wanna fuck again ??????????????????????",718,44755.1164,1.43E+18,221,266,1807,FALSE,"Maryland, USA"
call_me_ikra,1.55E+18,"RT @ggutierrezcand1: ""who got you smiling like that"" the weed bruh i'm high as fuck",18254,44755.11639,7.30E+17,214,369,5145,FALSE,"Maryland, USA"
call_me_ikra,1.55E+18,"I hope you come on twitter and you see this tweet , since you want to block everyone ?????? don’t come around My siste… https://t.co/XYeWAcnPxr",0,44755.11639,113861268,153,383,17801,FALSE,"Maryland, USA"
call_me_ikra,1.55E+18,Fuck you WHY 11 WHORE I WOKE UP FOR THIS,0,44755.11638,1.26E+18,105,318,5439,FALSE,"Maryland, USA"
call_me_ikra,1.55E+18,RT @TheEnemiesPE3: When Brock Lesnar gives a fuck you can tell https://t.co/ni1kPfa729,182,44755.11637,1.17E+18,37,442,3668,FALSE,"Maryland, USA"
call_me_ikra,1.55E+18,"RT @saydiirah__: I can fuck you &amp; walk pass you , no love lost I’ll speak when I wanna fuck again ??????????????????????",719,44755.11637,9.66E+17,1436,5006,35847,FALSE,"Maryland, USA"
call_me_ikra,1.55E+18,actually fuck it. look y’all. i love both of y’all i really do. but this. maneeeeeee this some all american shit fr… https://t.co/gSAGLEbj98,0,44755.11635,1.49E+18,36,65,370,FALSE,"Maryland, USA"
call_me_ikra,1.55E+18,"RT @GreatCheshire: You know we, as a culture, are going through some troubling stuff when there’s a million songs about depression and brea…",191,44755.11635,8.77E+17,449,338,2912,FALSE,"Maryland, USA"
call_me_ikra,1.55E+18,RT @sandivelllll: That 2.5 weight will humble the fuck out of you at the gym,1,44755.11635,813494155,560,239,40645,FALSE,"Maryland, USA"
call_me_ikra,1.55E+18,"I'm not a good person / Fuck it, you know it's true / I'm lazy, I'm a coward / I'm asleep all day in my room",0,44755.11635,1.42E+18,63,9,42183,FALSE,"Maryland, USA"
call_me_ikra,1.55E+18,@why_not_rishabh Of course all solid. I love the newer vibe but can also fuck with older shit it doesn’t have to be… https://t.co/B0uJuFpLxE,0,44755.11635,30792306,235,538,3259,FALSE,"Maryland, USA"
call_me_ikra,1.55E+18,Fuck you ump you took 5 minutes to call that a strikeout,0,44755.11635,1375826335,364,720,20420,FALSE,"Maryland, USA"
call_me_ikra,1.55E+18,"RT @WalshFreedom: Hey Democrats, I come from the MAGA base. I still engage with that base every day. Most tell me to fuck off, most believe…",1457,44755.11634,7.60E+17,302,354,47903,FALSE,"Maryland, USA"
call_me_ikra,1.55E+18,honestly i don’t give a fuck what you’re doing cause me ??? i’m turning up #freebitch,0,44755.11634,1.33E+18,43,36,384,FALSE,"Maryland, USA"
call_me_ikra,1.55E+18,"RT @erikaishii: CW: Nazis &amp; Anti-abortion.

I used to go to this Planned Parenthood to get my birth control &amp; pelvic exams back when I was…",102,44755.11633,4423287267,1152,797,165603,FALSE,"Maryland, USA"
call_me_ikra,1.55E+18,@katemeredithp Rest when your body says. If you push you’ll regret it and gain nothing for it. If you think you can… https://t.co/gtOlgu9HT7,0,44755.11631,21967447,524,957,24023,FALSE,"Maryland, USA"
call_me_ikra,1.55E+18,"Fuck you 

Wordle 388 X/6

?????????
?????????
?????????
?????????
?????????
?????????",0,44755.11631,57780683,983,1255,34232,FALSE,"Maryland, USA"
call_me_ikra,1.55E+18,RT @etoxico7: If she fuck with you after you hurt her don’t question her loyalty,1971,44755.1163,9.94E+17,87,124,4453,FALSE,"Maryland, USA"
call_me_ikra,1.55E+18,My brain really said a big fuck you for a sec there,0,44755.1163,1727175182,5283,1908,56487,FALSE,"Maryland, USA"
call_me_ikra,1.55E+18,RT @therealkeezyyy: cause bitch fuck you i’ll beat yo ass ??,2,44755.1163,467974858,2852,590,142694,FALSE,"Maryland, USA"
call_me_ikra,1.55E+18,"RT @Hoodville_: Fuck a breakup, you ever join a PlayStation party and hear 
“ayo who invited this man?” https://t.co/n1wlPkkn3h",423,44755.11626,54692562,219,216,10601,FALSE,"Maryland, USA"
call_me_ikra,1.55E+18,"RT @xxxtentacion: brandon, you gay as fuck https://t.co/gMvaS3fXhq",123,44755.11625,1.47E+18,104,501,11795,FALSE,"Maryland, USA"
call_me_ikra,1.55E+18,"Dude. He said “Is this how you run your classes? Are students just allowed to question you?”

Like yeah, you dumbas… https://t.co/8xUWXk5Ioj",0,44755.11625,1.38E+18,706,1010,4270,FALSE,"Maryland, USA"
call_me_ikra,1.55E+18,"@Jim70203015 ""Would you fuck me? I'd fuck me.""",0,44755.11623,1.54E+18,46,142,1454,FALSE,"Maryland, USA"
call_me_ikra,1.55E+18,"RT @JermereCaprice: If a nigga really fuck with you he gone love different on his own, you ain’t gotta coach him??",2327,44755.11622,3279968239,579,713,58085,FALSE,"Maryland, USA"
ehtasham3233,1.55E+18,"RT @JermereCaprice: If a nigga really fuck with you he gone love different on his own, you ain’t gotta coach him??",2327,44755.11619,61692987,3714,1443,214023,FALSE,"Dubai, United Arab Emirates"
ehtasham3233,1.55E+18,"RT @erikaishii: CW: Nazis &amp; Anti-abortion.

I used to go to this Planned Parenthood to get my birth control &amp; pelvic exams back when I was…",102,44755.11617,3308432891,636,782,95759,FALSE,"Dubai, United Arab Emirates"
ehtasham3233,1.55E+18,"RT @nonya_bidniss: Fuck, I can't believe this is happening, @potus have you lost your mind? Do you want no one to vote for you again?",5,44755.11617,126046075,144,252,36943,FALSE,"Dubai, United Arab Emirates"
ehtasham3233,1.55E+18,RT @HHCryptoClub: Just left the Sound Circle with @ImanEurope and @soundxyz_ they had some dope music tonight.  Iman drop some of those rap…,1,44755.11613,57220139,41066,1293,21314,TRUE,"Dubai, United Arab Emirates"
ehtasham3233,1.55E+18,"RT @biggestjoel: conservatives truly out there like ""so the rights im depriving you aren't even women's rights?? where the fuck is this cou…",15,44755.11609,1167184092,237,1738,12882,FALSE,"Dubai, United Arab Emirates"
ehtasham3233,1.55E+18,"Be gentleman, fuck you gotta act tough to your girl??",0,44755.11606,9.03E+17,173,211,1379,FALSE,"Dubai, United Arab Emirates"
ehtasham3233,1.55E+18,RT @MuradMerali: BILLY FUCK OFF? ARE YOU DUMB? #loveisland,186,44755.11605,7.64E+17,67,199,25487,FALSE,"Dubai, United Arab Emirates"
ehtasham3233,1.55E+18,RT @Minddisabled_Mo: That desperate need to DM someone you really like and reply to every tweet they write but you can’t because fuck you’r…,8,44755.11604,1.43E+18,1715,1096,40757,FALSE,"Dubai, United Arab Emirates"
ehtasham3233,1.55E+18,"RT @elvadotexe: By the way, the guy on the left is the disgusting cunt from Trees. So if you recognise him, please call him the fuck out fo…",7,44755.11604,1.33E+18,1045,1053,7717,FALSE,"Dubai, United Arab Emirates"
ehtasham3233,1.55E+18,"RT @ggutierrezcand1: ""who got you smiling like that"" the weed bruh i'm high as fuck",18254,44755.11603,1.05E+18,215,355,701,FALSE,"Dubai, United Arab Emirates"
ehtasham3233,1.55E+18,RT @wendeeluvz: #Smile ?? You Fuck’n #Rock ???????? https://t.co/EjIucJqgA8,4,44755.11603,1.23E+18,31774,400,33289,FALSE,"Dubai, United Arab Emirates"
ehtasham3233,1.55E+18,Fuck you. https://t.co/pq7ONJQHf3,0,44755.11602,1.19E+18,851,117,6715,FALSE,"Dubai, United Arab Emirates"
ehtasham3233,1.55E+18,"RT @JermereCaprice: If a nigga really fuck with you he gone love different on his own, you ain’t gotta coach him??",2327,44755.11601,1.23E+18,33,177,242,FALSE,"Dubai, United Arab Emirates"
ehtasham3233,1.55E+18,@Usedtobebrewer Aww!!! Absolutely! Just know we appreciate you. Fuck these bots and trolls! Love will prevail. ??,0,44755.11601,49487002,449,592,9657,FALSE,"Dubai, United Arab Emirates"
ehtasham3233,1.55E+18,"RT @OfficialBTSM: Congrats to @Subtronics and @levelupdub … seriously soooo wholesome ????????

Anyone else feel single as fuck today haha?!…",30,44755.116,1628713303,16948,7960,56985,FALSE,"Dubai, United Arab Emirates"
ehtasham3233,1.55E+18,fuck you @SMTOWNGLOBAL,0,44755.116,8.25E+17,266,361,35170,FALSE,"Dubai, United Arab Emirates"
ehtasham3233,1.55E+18,"RT @VintageloverH: @math_sonnets I think they only hear “Fuck you, I won’t do what you tell me” and think that’s how they behave in society…",1,44755.116,308868833,2564,3024,43880,FALSE,"Dubai, United Arab Emirates"
ehtasham3233,1.55E+18,"like what the fuck do you get out of lying about shit like this?
a good laugh?
y’all should be the ones getting hel… https://t.co/ALf5LCA3iH",0,44755.11597,1.44E+18,329,262,3598,FALSE,"Dubai, United Arab Emirates"
ehtasham3233,1.55E+18,@KiDCuDi Maaannn y’all are truly funny if you think he gives a fuck,0,44755.11597,1.50E+18,24,87,400,FALSE,"Dubai, United Arab Emirates"
ehtasham3233,1.55E+18,"RT @ggutierrezcand1: ""who got you smiling like that"" the weed bruh i'm high as fuck",18254,44755.11596,2335494748,1888,384,32260,FALSE,"Dubai, United Arab Emirates"
ehtasham3233,1.55E+18,"@elonmusk @ashleevance You do realize that of he wins the election you're fucked? He's like a child, he will hold a… https://t.co/qNPcgFRG7N",0,44755.11595,1.51E+18,2,212,534,FALSE,"Dubai, United Arab Emirates"
ehtasham3233,1.55E+18,"@MiqoBarbie Cali, love, this is the way to be. Fuck everyone else, you do you. 

You know I caught a glimpse of thi… https://t.co/dD4l6p9vnm",0,44755.11594,54304347,1196,2333,11614,FALSE,"Dubai, United Arab Emirates"
ehtasham3233,1.55E+18,RT @mariumsummer: We apologize to the people of Sri lanka. These crooks don’t represent us. Fuck you @MohamedNasheed for aiding his escape.…,6,44755.11594,8.40E+17,404,923,26650,FALSE,"Dubai, United Arab Emirates"
ehtasham3233,1.55E+18,"RT @JermereCaprice: If a nigga really fuck with you he gone love different on his own, you ain’t gotta coach him??",2327,44755.11594,2186602477,1705,1716,4848,FALSE,"Dubai, United Arab Emirates"
ehtasham3233,1.55E+18,RT @Minddisabled_Mo: That desperate need to DM someone you really like and reply to every tweet they write but you can’t because fuck you’r…,8,44755.11594,8.10E+17,6399,3633,115945,FALSE,"Dubai, United Arab Emirates"
ehtasham3233,1.55E+18,"RT @120yearz: you're one of those unhinged don't know what I'm doing types

we should fuck",1,44755.11593,229465547,3263,4055,106572,FALSE,"Dubai, United Arab Emirates"
ehtasham3233,1.55E+18,"@NEETsongs Soy un predator 
I'm a incel baby, so why won’t you fuck me?",0,44755.11591,1.51E+18,147,122,966,FALSE,"Dubai, United Arab Emirates"
ehtasham3233,1.55E+18,"@shehawaiin my thing is if you try to fuck me over, AND THINK IMA LET THAT SHIT SLIDE!!! nah that’s when ima set sh… https://t.co/i38RQJrvm7",0,44755.11591,1.47E+18,25,54,70,FALSE,"Dubai, United Arab Emirates"
ehtasham3233,1.55E+18,"@DomeVelvet Honestly glad she flops hard. @xtina if you hard is not in it that you don’t want to think about it, ju… https://t.co/MsHX3FOLP8",0,44755.11591,32635845,3794,4320,88990,FALSE,"Dubai, United Arab Emirates"
ehtasham3233,1.55E+18,Fuck this cruel world. You pray or don't pray you're gonna suffer ??,0,44755.1159,1.09E+18,66,105,777,FALSE,"Dubai, United Arab Emirates"
ehtasham3233,1.55E+18,bruh this ump fuck you,0,44755.11589,1.26E+18,756,733,2511,FALSE,"Dubai, United Arab Emirates"
ehtasham3233,1.55E+18,a day after the lineup was announced FUCK YOU,0,44755.11589,1.38E+18,1143,617,32956,FALSE,"Dubai, United Arab Emirates"
ehtasham3233,1.55E+18,Yooo I spent my 19-20 realizing this it took me failing one college class to realize not to put a no good mf before… https://t.co/gCBR0XgFD8,0,44755.11589,272047421,704,362,4041,FALSE,"Dubai, United Arab Emirates"
ehtasham3233,1.55E+18,RT @WritersRamble73: That awful moment in which your computer (or more specifically iMovie) freaks the fuck out and you lose an hour long e…,1,44755.11588,7.67E+17,8211,107,394937,FALSE,"Dubai, United Arab Emirates"
_Muhd_Irfan_,1.55E+18,"RT @222corn: niggas tryhard on any game, why the fuck are you sweating on fall guys",881,44755.11588,64899924,160,632,5948,FALSE,Bahamas
_Muhd_Irfan_,1.55E+18,RT @jodiesnelle: JODIE COMER AND SANDRA OH GETTING NOMINATED FOR AN EMMY AND KILLING EVE GETTING NONE IS A BIG FUCK YOU TO LAURA NEAL,661,44755.11588,1.26E+18,1,50,622,FALSE,Bahamas
_Muhd_Irfan_,1.55E+18,"RT @saydiirah__: I can fuck you &amp; walk pass you , no love lost I’ll speak when I wanna fuck again ??????????????????????",719,44755.11586,1.51E+18,254,783,311,FALSE,Bahamas
_Muhd_Irfan_,1.55E+18,@RojoOjoJedi @HelloOutsidersO @etallent35 @jerrywallacejr @mooproxy @CaptJackTribble @CantSayItOnTV @Jcubed1327… https://t.co/5IJzn45Dpz,0,44755.11581,1.27E+18,707,886,13952,FALSE,Bahamas
_Muhd_Irfan_,1.55E+18,@teto10_6 @EastRiverHeron Raccoons can fuck you up too and they weigh like 13 lbs lol,0,44755.11579,2160114762,2216,654,76888,FALSE,Bahamas
_Muhd_Irfan_,1.55E+18,work really said fuck you today ;-;,0,44755.11579,1.26E+18,468,140,28312,FALSE,Bahamas
_Muhd_Irfan_,1.55E+18,"RT @glogirlgg: who the FUCK just unfollowed me? was it you? (pushes you against the wall) you’re MY follower, do you understand? don’t you…",7,44755.11579,1.06E+18,96,193,1110,FALSE,Bahamas
_Muhd_Irfan_,1.55E+18,"RT @biggestjoel: conservatives truly out there like ""so the rights im depriving you aren't even women's rights?? where the fuck is this cou…",15,44755.11578,1.15E+18,443,1169,42696,FALSE,Bahamas
_Muhd_Irfan_,1.55E+18,"@kleberrasta @Scott33077876 @MLB What happened was a good game, offense didn’t play well you guys just played bette… https://t.co/qBmg4O7mDP",0,44755.11578,1.37E+18,21,155,1060,FALSE,Bahamas
_Muhd_Irfan_,1.55E+18,"you're one of those unhinged don't know what I'm doing types

we should fuck",1,44755.11574,2422765634,8795,1397,463258,FALSE,Bahamas
_Muhd_Irfan_,1.55E+18,Fuck are you talking about man https://t.co/KcMYMcdGKR,0,44755.11574,1.13E+18,493,159,28000,FALSE,Bahamas
_Muhd_Irfan_,1.55E+18,I'm going to scream. fuck you sea mar health. they cold me my covid test would be free and they sent me a bill of 60 bucks.,0,44755.11573,7.72E+17,80,123,10056,FALSE,Bahamas
_Muhd_Irfan_,1.55E+18,Listen you fucking bitch..  Fuck off my man before something happens. You're not gonna like me when I'm angry.,0,44755.11571,1.53E+18,205,317,519,FALSE,Bahamas
_Muhd_Irfan_,1.55E+18,Stamp of mf approval… you see it. #bardigang stand the fuck up for your queen and run up the #hotshit video #CardiB… https://t.co/wD6ZzN752c,0,44755.11569,3268175353,32,35,99,FALSE,Bahamas
_Muhd_Irfan_,1.55E+18,"me, watching cg w the roomie: you see, the cat is a very important plot point in code geass.

roomie: what the fuck do you mean by that",0,44755.11569,4618244601,33443,3085,30711,FALSE,Bahamas
_Muhd_Irfan_,1.55E+18,"RT @ArcanaLegacy: If you're overly excited for something, you're ""cringe""

If you disagree with something in a civil manner, you're ""negati…",7,44755.11568,1.36E+18,803,307,11101,FALSE,Bahamas
_Muhd_Irfan_,1.55E+18,"RT @Chinchillazllla: ""cool the cookies on the baking sheet for ten minutes and then remove to a wire rack to cool completely"" you dumb fuck…",8,44755.11567,1.18E+18,104,206,8111,FALSE,Bahamas
_Muhd_Irfan_,1.55E+18,"jesus christ, you know? you do your best, you try to serve the people and then they just fuck you over. and you kno… https://t.co/r9rwO9lzmH",0,44755.11567,1.53E+18,112,8,943,FALSE,Bahamas
_Muhd_Irfan_,1.55E+18,If COVID taught me anything… the world has given us enough reason to worry and be afraid.  Just fucking do what mak… https://t.co/Yp6hOfVshE,0,44755.11566,1.43E+18,36,89,1005,FALSE,Bahamas
_Muhd_Irfan_,1.55E+18,"RT @BSDquotes: Dazai: I guess you could say I’ve *fallen* for you [winks]

Chuuya: You literally just rolled down eight flights of stairs,…",8,44755.11565,1.25E+18,222,589,10537,FALSE,Bahamas
_Muhd_Irfan_,1.55E+18,"RT @CryptoNagato: You love $XRP and you don’t like $QNT?
Ok, fine.

You love $QNT and you don’t like $XRP?
Ok, fine.

You love both?
Ok, fi…",46,44755.11564,1.48E+18,3,68,44,FALSE,Bahamas
_Muhd_Irfan_,1.55E+18,"RT @saydiirah__: I can fuck you &amp; walk pass you , no love lost I’ll speak when I wanna fuck again ??????????????????????",719,44755.11563,8.77E+17,317,117,13927,FALSE,Bahamas
_Muhd_Irfan_,1.55E+18,"RT @tmoneyy_eth: Man I fucking LOVE @SrPetersETH 

Dude hopped in spaces, dropped news that @ApeHaterClub?? will be here in TWO-THREE DAYS a…",44,44755.11563,828002408,4362,4904,44217,FALSE,Bahamas
_Muhd_Irfan_,1.55E+18,I kinda want to fuck you. I miss feeling your skin and looking at your face.,0,44755.11563,7.13E+17,92,195,5216,FALSE,Bahamas
_Muhd_Irfan_,1.55E+18,"RT @durandbernarr: It’s always them ugly bitches bothering you with that “you think you cute” bullshit.

Naw ho. 
You KNOW you’re ugly and…",25,44755.11563,1.16E+18,448,478,43886,FALSE,Bahamas
_Muhd_Irfan_,1.55E+18,RT @staypeachy_co: The way I am so angry. Equivalent to “go back to the kitchen and make me a sandwich” remake. Fuck you. Who the hell are…,13,44755.11561,1.11E+18,38,754,2870,FALSE,Bahamas
_Muhd_Irfan_,1.55E+18,RT @lovelikelumax: if you dont like sadie sink literally wtf is wrong with you. what the flying fuck is wrong with you.,12,44755.11561,1.36E+18,5,19,595,FALSE,Bahamas
_Muhd_Irfan_,1.55E+18,Fuck you @SportsRadioWIP https://t.co/aGl1xv5fYf,0,44755.1156,1.40E+18,859,649,17216,FALSE,Bahamas
_Muhd_Irfan_,1.55E+18,"RT @_Hockey77_: Connor McDavid praises Edmonton &amp; took a pay cut to give his team cap flexibility. 

Johhny Hockey straight up said fuck th…",4,44755.11558,1.48E+18,176,365,8137,FALSE,Bahamas
_Muhd_Irfan_,1.55E+18,"RT @KBradJStorm: Guilty Gear Strive is that fire, fuck what you heard from your favorite top player",36,44755.11558,3611994132,167,1990,5712,FALSE,Bahamas
_Muhd_Irfan_,1.55E+18,RT @davidhogg111: I can’t believe people are literally being told to wait until after the election to act on gun control because now is “no…,560,44755.11557,7.04E+17,2165,4690,167578,FALSE,Bahamas
_Muhd_Irfan_,1.55E+18,"RT @ggutierrezcand1: ""who got you smiling like that"" the weed bruh i'm high as fuck",18254,44755.11556,2766867552,60,65,1283,FALSE,Bahamas
_Muhd_Irfan_,1.55E+18,"RT @JermereCaprice: If a nigga really fuck with you he gone love different on his own, you ain’t gotta coach him??",2327,44755.11556,409593727,1755,1218,334239,FALSE,Bahamas
_Muhd_Irfan_,1.55E+18,"RT @annbasaa: Fuck you, Paul Desiderio.",38,44755.11556,770852035,16,33,3213,FALSE,Bahamas
_Muhd_Irfan_,1.55E+18,"RT @USMCVet_0323: Love it. Not so tough now you cowardly fuck ?? Alba should get a Medal of Freedom

https://t.co/s4wFt0xWug",1,44755.11551,2466940272,4209,4830,235420,FALSE,Bahamas
JanSherKhan_,1.55E+18,"RT @BravesAshland: Braves win, fuck you",15,44755.11551,1.51E+18,4,13,7,FALSE,United States
JanSherKhan_,1.55E+18,fuck you fuck you fuck you,0,44755.1155,1.52E+18,23,102,367,FALSE,United States
JanSherKhan_,1.55E+18,"RT @biggestjoel: conservatives truly out there like ""so the rights im depriving you aren't even women's rights?? where the fuck is this cou…",15,44755.1155,1.39E+18,232,270,8851,FALSE,United States
JanSherKhan_,1.55E+18,Idc who the person is I will never be satisfied as a “main chick” or whatever you wanna call it lol fuck around on someone else ??,0,44755.1155,2957645759,287,237,5518,FALSE,United States
JanSherKhan_,1.55E+18,@TrueTorontoGirl Bullshit! The way you ran over me whilst annoyed at garden gnomes..was sexy as fuck! ????,0,44755.11549,1.49E+18,1177,1445,6584,FALSE,United States
JanSherKhan_,1.55E+18,"RT @biggestjoel: conservatives truly out there like ""so the rights im depriving you aren't even women's rights?? where the fuck is this cou…",15,44755.11549,1.01E+18,400,363,60008,FALSE,United States
JanSherKhan_,1.55E+18,"RT @annbasaa: Fuck you, Paul Desiderio.",38,44755.11545,1.24E+18,1079,551,7297,FALSE,United States
